1,2,3,4,5,6,7,8,9,10,11,12,label
7.5874475815884965, -3.1209851838412557, -0.25202740715783034, -0.5674962371984564, -0.21518300478669317, -0.2988277042544411, -0.08774971125268519, -0.17625600544106113, 0.029501809960415248, 0.03686110851963463, 0.032447341632083106, -0.10545189739979072,1
-2.1884792952377117, -0.4287478927824794, -0.5111579063641473, -0.8486083776702635, 0.7445708059640448, -0.8976961626283873, 0.4750274197670781, -0.3008628629171985, 0.4188606095866259, 0.11125273366175926, -0.2484548646374166, 0.014166094278537156,1
-2.718688706293105, 0.3582601446975477, 0.20699264589357408, -0.6353600933941136, 0.7577262504568827, -0.7377727485090247, 0.03264588437226841, -0.4010845916813726, 0.2170793749020617, -0.2216002782898233, 0.027283782483542716, -0.024334395660505284,1
5.892204618342136, -4.1518877479006635, -0.3169437631745358, -0.44740504242268253, 0.022070430391914513, -0.005123513623913006, 0.0642339006057028, 0.015559189869199765, 0.027699275270532345, 0.008610700043400681, -0.07310152404433523, -0.1122704029801412,1
0.20013026224960193, -0.17635230850871847, 0.31043282514361215, -0.7985799160038126, 0.058633635199237547, -0.334038144973356, -0.16839298930445873, -0.5660555047706944, -0.11948145730429377, -0.3404061140843039, -0.05618248612169608, -0.21128609580084062,1
0.3050695799077032, -2.4739830892151295, -1.2285723306197214, -0.19448466726540548, -0.7627773490427161, -0.038744327189682806, -0.3297277469680735, -0.16626191236537155, -0.3426586436561064, -0.3022270784086985, -0.13523753585443438, 0.1596548471364008,1
0.5257148005483996, -2.7827480786590617, -2.5627824636227357, -1.1626726672469316, -0.9144125284950497, -0.6114085580885272, -0.11115626805088463, 0.21769843177786286, -0.004574044366137537, -0.40036074726912296, 0.13247123351336962, 0.3940228825596961,1
-1.9051793093056222, -1.2335594180392915, -0.45029620689830746, -0.7583275827825287, -1.2252844446258915, -0.23823090640045105, -0.1754702900992972, 0.12374657068125497, -0.09295445174899714, 0.18746592815472693, 0.02548886236533538, 0.5810473882451397,1
-0.21804704566181252, -1.227528346072298, -0.3556319303685659, 0.1573319589513074, -0.5485816904115437, -0.13226261946836054, -0.5079866139298024, -0.6071742507225548, -0.15706758307381416, 0.37777145472945856, 0.32810709252641707, 0.350243038919172,1
-2.072038456831813, -1.6800352688789213, 0.3832223738216709, 0.1508451503644413, -0.7134779192019222, 0.2711385201097619, -0.5362693871232487, -0.30544985558762267, -0.041380399300455034, 0.0831446290986727, -0.053030089294498955, 0.3123664423346594,1
1.3008714036498945, -0.6502358456344522, 0.16087598571232475, -1.1936643044691237, 0.4844742644189051, -1.2251070460993712, 0.4534329873467821, -0.8242259141669896, -0.04900705725642955, -0.12478286143052265, 0.08311307420378446, -0.07161286828680864,1
-0.33945747996617137, -0.21071454788367136, -0.03702514874525181, -1.3441248879963523, 0.9954023809682062, -1.3931540294574278, 0.8746498079247358, -0.5219752763349068, -0.005149791666531372, -0.15375408305985952, 0.0005763879324287739, 0.01631577242661501,1
-0.2497515127961852, -0.8201682263402624, -0.10990231327601918, -1.4493871698271494, 0.5688746736480337, -1.4232769608870783, 0.5570695634880688, -0.5387772504534588, 0.03745102347507822, -0.11876813416897172, -0.03966317160059975, -0.1962482124464563,1
0.00482972901582062, -0.5251062297616022, -0.3365974902297102, -1.4734266390449273, 0.9566067044377804, -1.3578831037685712, 0.9948029589229722, -0.904599071088313, -0.06361629382386055, -0.18168671482567783, -0.007904353020256492, 0.05726128204561228,1
-1.5639592917616776, -0.6625153212720895, 0.2626056751954747, -1.0321574422247148, 0.7417568781694609, -1.0383862243704272, 0.6291883203010163, -0.3373774761104984, -0.0683959365135486, -0.46405074506156957, 0.05065950122875733, -0.07640159189390765,1
-2.991049044112288, -1.1005912550893393, 0.4927823771723257, -0.8036749488455291, 0.333952653411445, -0.6780011037397505, 0.24873737994079737, -0.36666048271838053, 0.16581904505241515, -0.31534042784277977, 0.18781977192453878, -0.07042407668877862,1
-3.8535426699333564, 0.625050434028929, 0.46622957130223536, -0.7196709696188897, 0.6650972244248234, -0.30862408802437474, 0.2097522836570586, -0.06182430923877512, 0.26619620363568525, -0.39621078489102207, 0.14251992056724472, -0.09174518006977217,1
-1.6215831810013848, 0.2339147433281529, -0.07147676512321767, -1.4539147208598198, -0.04907964523459811, -1.0271094209233222, -0.17259281036598637, -0.22585806665539127, 0.27381357311965426, -0.5030925493394311, -0.040979363038944526, -0.3163384717659757,1
-15.451422886708267, -2.427044893253731, 0.22003500584082847, -0.5413423246344456, -0.03325132965454702, -0.4544870325240355, 0.035583879560144055, -0.26141971586351903, -0.029009681856566986, -0.1364257735486171, -0.13550147862150258, -0.20196717193310545,1
0.48191552506154617, -0.8916317867688497, -0.7548382241672342, -0.8687709600173539, 0.5144165638260011, -1.3325848195731285, 0.7029836307507057, -0.3899479608652549, 0.06444476593168565, 0.48374622761410035, -0.06923058972621458, 0.2985002475810105,1
0.7282308510842589, -1.487645402107396, 0.9219113280492853, -0.34158362542081994, 0.4029025447961641, -0.4874678629837977, 0.4091516775397478, -0.24299017914155335, 0.050245811176181786, -0.09211067803303877, 0.01335426943850791, -0.390686964161739,1
0.08406328648884401, -1.6580927780089694, -0.6377203394018744, -0.9681706713519912, 1.4749282917192155, -1.2154902354570318, 1.4398080177170154, -0.6123347740354583, -0.3823325755853837, 0.2354971390731768, -0.4040343003556543, -0.09731473312197743,1
1.2894798307477262, -1.2910032258638224, 0.14464574841702935, -1.039256268216344, 0.4022211566398284, -1.3402353396694262, 0.310842258339628, -0.49450259440423805, 0.07169865207844957, -0.026070208156947584, 0.1009227203292446, -0.09132173243111168,1
-8.515338524450673, -2.1993207663179164, 0.5843836476689369, -0.6195191362864573, -0.23198364445014596, -0.958749848299776, -0.2665394516910542, -0.3546218947217271, 0.20644402472214005, 0.09748442391095295, 0.32686865684839306, 0.03099960147444008,1
-0.7025074861574838, -2.2079479088880123, 0.673252875040847, -0.6835817802066263, 0.5241343205404866, 0.9125401788295495, 0.11389377533791119, -0.38311548934093376, 0.4912995898320049, 0.06279022260618602, 0.17351980694506153, -0.22537248332199883,1
-6.71690149925657, -1.8748007738560883, 0.7768234099875352, -0.08889342620495903, 0.40022223530003886, 0.11079646414857353, 0.22877324294499377, 0.09362510843905007, 0.2866317165387646, 0.010607049951011015, 0.34917481742253637, -0.031880845333199986,1
-5.188687227252919, -1.9638623515457365, 0.9818552067761253, -0.19907120856256888, 0.5982157877366688, 0.417828950217217, 0.1964770416476654, -0.18939594427865744, 0.35004215671377786, 0.00963783740839418, 0.11079465639545823, -0.23721495143014398,1
-9.663392746689473, -3.016277474053009, 0.165966734354048, -0.21289540352889877, 0.42604283078337146, -0.02425592631485099, 0.2584490935399645, -0.14280689489635434, 0.03851580674865602, -0.10188249939124994, -0.03923712124960444, 0.09471722737442166,1
-2.2564600624201376, -2.081060319390392, 0.545097025623925, -0.3129828139307213, 0.9847037859450553, 0.04586946761710289, 0.655787971133306, -0.14072662482268514, -0.20604747759125977, -0.16260042515836873, 0.315182759640569, -0.0925844321755228,1
-10.42032027012557, -3.141028348361138, 0.2831992033641592, -0.20525998785620408, 0.05793324290499997, -0.30641782638637716, 0.029388142655597988, -0.10345498851327939, -0.0324461533016547, -0.1623922795663619, -0.06401385206058113, -0.06420519024842969,1
-0.23760211662354258, -2.2684974801384508, -0.5840112354899409, -1.4053325827604064, 0.6135574701299226, -0.8144028533318555, 0.5748173193462462, -0.5968607109153384, -0.46861285496872035, -0.06339415310246589, 0.1745170935819947, -0.4023302011652449,1
-2.3348288728846396, -1.8975968824965914, -0.41309127235961146, -1.2759409696447077, 0.4088597758715955, -1.4738948831952734, 0.7750882296538163, -0.6274899697549072, -0.5212460562609131, 0.018958452819945373, 0.0012136636230871824, 0.05174236865625098,1
-4.825168853677079,-2.414975461749011,1.467161709180892,-0.20006141312754624,0.011132354880380571,0.9265126657435956,-0.6027384010254655,-0.20655388123338525,0.361308549880986,-0.36913367081773857,-0.042316177642407124,-0.09877917600994952,0
-7.184051550653992,-3.7086979290348174,-0.13824047927389643,-1.5228710786230732,-0.3768097560294537,0.6257031236816679,-0.5470586398192089,-0.31928413324676636,0.657615325090086,-0.08317576672924513,-0.07704109969162713,0.08588025577063332,0
-0.5054983814333301,-2.9581537399533513,0.7311210203024371,-1.376779416636804,-0.9632030420197067,0.28890417491972736,-0.4476253236374867,0.22353146589877987,0.6321230417768635,-0.0726612300711284,0.30437177282287764,-0.27230459889547964,0
-2.9602845433253466,-4.2392793106782385,-0.4733793438994158,-1.8154168543814162,-0.42887280926414423,0.6181311005237055,-0.689552819507005,-0.3538121468296574,0.7761004263486931,-0.20321283992733138,-0.14628920814770133,0.4144226119119101,0
1.4252613924259487,-3.625432719027896,0.1404736672289027,-1.1269032990751522,-0.678845445404894,0.3589168439711756,-0.41754634701578563,0.0632805147486446,0.5235108341969342,-0.3040951860035083,-0.13592087316453452,0.1917340642730233,0
-5.2918626048551,-2.457933304669877,1.5427730659376768,-0.48490013598821846,-0.5121552418185603,0.8290081630397692,-0.646754184098009,0.2448672826605317,0.2818311432246683,-0.052963783131381954,0.8903269994176596,-0.2398519200567711,0
-1.4475531961568229,-2.219876455613844,0.7783586832286417,-0.7759157981132951,-0.9844692379482162,-0.15576098307457467,-0.336293453430225,0.3053510500804594,0.36972723999164137,-0.3867076649167237,0.2854022452648034,-0.6472112839729763,0
-1.2347112515543888,-2.1773500790075,1.2416103600229287,-0.06158850309244316,0.12819470685886755,0.1005356663732537,-0.03909575589381679,0.033624915075151605,0.25993467458265773,-0.10994215025588033,0.4216416122997327,-0.225903879100485,0
-6.198398112160421,-2.722925928750917,1.2304829670634374,-0.6589788994879671,-0.28230794640183454,1.0869677370022564,-0.5763706655851351,-0.21407091018157856,0.4727238629830594,0.05846648430988701,0.4712923705440829,0.021386530418969533,0
-5.471842247012238,-2.762834812909096,1.130515427378096,-0.7930498260312796,-0.718400583920678,0.7081013292400875,-0.5862141315527775,0.49307884779193417,0.9472333369047611,0.009175975805596497,0.34696816598923225,-0.30966471404253276,0
-2.6126325006411912,-1.6989949843235923,0.3601680002988109,-0.019003589705898317,0.2722694378670097,0.14598956438497962,0.22573717497092002,0.14500188152417695,0.22676912395543983,0.06405691269945299,0.22206429917153336,-0.007690659226780417,0
-4.759567929476327,-2.7575375454061293,0.8709269275812563,-0.44002827816541745,-0.42372221281172,0.42557534264102875,-0.41851971812382033,0.1913825366977361,0.38496714865389753,-0.12894793792713222,0.2911975596387817,-0.1032929542618834,0
-3.1156490627694424,-2.4251705692576624,1.1179401885235636,0.04818860052475237,0.46192450292516213,0.623034675174248,0.014000482531569054,0.2991390107130635,0.3861161911713743,0.06523852762224396,0.35340570869390586,-0.12850051501324278,0
-2.377705945245907,-3.1401701577177197,0.08647745136252785,-1.444133111343829,-0.49980754794221527,0.5134387829929894,-0.1895171320844607,0.04655533765415716,0.7111906510630708,-0.15801906066348234,0.10339546264223848,0.18477729134999024,0
-4.790563097595833,-3.09493286276299,0.39132676257599924,-0.804765328417579,-0.1500539230240688,0.6705147554909481,-0.3937784889013756,-0.24981532751820398,0.34906067661206003,-0.2658234207166358,-0.047475765670372025,0.11734308803304203,0
-1.0678742189019792,-3.257562154918658,0.45285392366096483,-0.8413255280572777,-0.12235222057567653,0.7087517735007093,-0.48036825728541677,-0.1437789860017386,0.5709472737395158,-0.4383034552253511,-0.3737432593184311,0.12273962309580842,0
-3.438294987885225,-3.6313812145782243,0.30227634270889153,-1.5067477664657407,-0.07111807280181251,1.406208020746795,-0.565384959763622,-0.3245697315644605,0.6568932732141495,-0.31966559641106795,0.013464958501519962,0.4239770076535205,0
0.17961598505747683,-3.1635750554177493,1.1038110122976055,-0.5913852373938124,0.1010184431597379,1.2780668849137202,-0.23833521713205658,0.09141227628584851,0.4139300223641247,-0.27225793862435066,0.01078065062804479,0.24496660556864303,0
-0.7909499067781173,-2.8158138438409748,0.9755273540359348,-0.6065900904030612,-0.3714253925635111,0.7514470148145712,-0.6767335297037286,-0.1845925847541523,0.4210458757276724,-0.19337355082961874,0.0754045561202353,-0.06983223737965116,0
-0.14348889089591163,-3.1102708703353135,0.5349168697714706,-0.748819487291015,-0.5704597897385465,0.19647455134828434,-0.5636702757682845,0.03388740854304336,0.5731888993670518,-0.05175657158040559,0.0750809468570851,-0.05790277087334393,0
-0.4606821784432727,-2.8945526668139374,0.7100427349453942,-0.8069219498764851,-0.46278824367665966,0.6088977149456847,-0.6367224833575491,-0.032166839897288496,0.5151303284532814,-0.21398131934573109,0.20949876487897384,0.07776794042679283,0
-0.8827164943065566,-3.056446226580893,0.4152876075423877,-0.756062712275901,-0.12880063890756568,0.49652409009055415,-0.4172132651885298,0.009616923600843269,0.5788816076785489,-0.21036935639470208,-0.04809689559429844,0.07300723938018988,0
-1.6457045866524609,-3.1500670471822945,0.5299247938393242,-1.1989908779387441,-0.16757105644403963,0.7701256488365048,-0.8218133696749731,-0.37271599517352483,0.5425884610817596,-0.5248421620125798,-0.2825678757948309,0.24998205905155405,0
0.29864979400125874,-1.8489502745880815,0.23938441507508168,-0.17652831727798915,0.20477587120800406,-0.03380813079175114,0.17086035130051688,-0.008715654895814934,0.13436269996000105,-0.010654969283328859,0.13934704548089225,0.004317166233445919,0
-0.052935140186284334,-2.067278567594382,1.0010365247071011,-0.13719502619890012,0.5370368951580077,0.03998322248202099,0.28103109755242217,0.0010747479611056487,0.2113779158195472,-0.05803453295132836,0.18895951350227508,-0.057516209634310714,0
1.82743079888401,-1.7759723721416358,0.7269640793257041,-0.10503064819571875,0.4641334514006501,-0.12323657176542654,0.2814285917836825,-0.09686998794416747,0.20192824820240307,-0.06948304068091223,0.05690589178828246,-0.056215629971515954,0
2.3357462306447276,-2.5943718254909234,0.247392665936863,-0.30944209613556667,0.4707580232809924,-0.12378642417897515,0.3951410431998294,-0.04178786703417411,0.19834190723224882,-0.014786404340652025,-0.013377741842855163,0.09413072476826508,0
-13.493057424496241,-5.43199009798314,0.04097680585095241,0.18163345237555506,-0.45107524952895617,0.2558634084507456,-0.40800316248632296,0.08920238868411219,0.025122934375662796,-0.1066617352720525,-0.2233341951999843,0.17909556448979957,0
0.36189620070082706,-2.2529005069368364,1.0921562909655878,-0.25396883802469794,-0.17269611583219333,-0.0877057326481079,-0.5524136436710368,-0.052079485908358626,0.0763312502881513,-0.06334233924123234,0.535737770323618,-0.19040076785049656,0
-2.458406891912431,-2.104556917985067,1.9780130254142114,-1.4014873282557576,-1.5018155898169119,0.13383743124933078,-1.3610305172991435,-0.3005240731952483,-0.09515837035030256,-0.5444027950707182,0.7148660112248901,-0.6770454403558867,0
1.0413046753255846,-3.0092796473694614,0.5192826699880304,-0.7978605432249427,-0.07267047569846823,0.572466961952893,-0.534592463844509,-0.009557363840241867,0.5697652838590502,-0.24972533431241958,0.05086987072900058,0.09238877367121623,0
-0.9800809035608895,-3.452113941975012,0.10212888237595906,-1.6190522475114264,-0.6303420058085805,1.3751840338991,0.06334601864371857,-0.20194210360247972,0.2694340029197168,-0.5132137604877662,0.07872477222160332,-0.032350386211109014,0
-2.013520049663455,-4.470428334283071,-0.4000730309180252,-1.63970638759181,-0.7509775757772713,1.3579139509387084,0.2922362002157798,0.04917233834539828,0.1524825812670121,-0.45490851929577886,0.12618459210208904,0.10943343967120815,0
-0.5074832790400955,-2.8404081692457237,0.5022406746697461,-1.043226106293674,-0.3939214404383954,0.940662788869462,0.10177543787810378,-0.3389247164193246,-0.12014657082680463,-0.3232521254173367,0.45150404329331606,0.018940605811170783,0
-0.9391809104010101,-2.3521041225207826,0.7401351257997236,-0.5036682560759749,-0.5230311164676187,0.3308871729366601,-0.31371486822852634,0.12333440749396442,0.07240014044733012,-0.4240649555552812,0.3048076780005316,-0.3140140428693375,0
2.0468314365312303,-2.999574949632043,0.702305520110937,-0.8787275192342333,-0.11728141538307567,0.8509910452008358,-0.6737138397370048,-0.06936874662357023,0.569091912582752,-0.2950358365384316,0.04295839109866955,0.09490864176133497,0
-2.3202975338400424,-2.5946913346926905,0.7015728784025985,-0.6745945473034245,0.09625160670016092,0.6037274067490062,-0.14229224985668604,-0.08781944427863511,0.35832442760063554,-0.16313521832181857,0.10820160884362594,0.013495525420479607,0
-0.3693799879032195,-3.445672909543255,0.3227377461994675,-0.830825468131721,-0.031193241787195618,0.7712404972137138,-0.3688916101675069,-0.37969127904332634,0.5362908118699049,-0.14204018045269137,-0.2656228952771411,0.3969505550799185,0
-1.220467627712862,-1.692594076260739,0.8565821982191069,-1.0527119404507002,-0.15149034569248632,0.34928598280685774,-0.17367594631905878,-0.1405443534419778,0.34091683834942177,-0.4352785460245435,0.2017601739721546,-0.13489078933443574,0
-2.727026079780114,-2.7969247357908515,0.870788615845399,-0.8017609926610559,-0.14737656110195324,0.844503548610524,-0.5641870467589377,-0.03728030590586591,0.510018229355274,-0.3333339723128174,-0.002032907369923229,0.01866429669226122,0
-0.03687637658816778,-2.875153995593707,0.9507330945454102,-0.26766818511957785,-0.0641533906492617,0.8788836333448394,-0.35830654761622077,0.022824927065592273,0.32810855074112866,-0.2880914876547759,0.007114285170114095,-0.11100550833970738,0
1.7137294655225859,-3.9119495350063747,-0.11798418313293287,-0.2352793306545788,0.1983832339783326,-0.0027093809154121098,0.12000782179326681,-0.38453722639419313,0.24883097871112422,0.13943243469113337,-0.4485902749965711,0.3424023795950286,0
-0.8205618933218676,-2.7129364363954678,0.9537718623904675,-0.6689863601444311,-0.23748964645527648,0.8947909004676194,-0.524771656069389,-0.12562509229078941,0.34516928162153987,-0.38424822491564775,0.051428990506926016,-9.684323932470773e-06,0
-7.770629201586302,-2.0728685343074535,0.2331111640750171,-0.00967178878338454,-0.10390805629422738,0.3023641538760283,-0.09811942806086502,0.11098756193809577,0.1692353068959631,-0.1686773855740662,0.3794428348458309,-0.26247956770980135,0
-9.969569207272913,-2.7906761012458356,0.8094325850704586,-0.1837993794455467,0.3068340451088452,0.3122011753801371,0.051875470524780545,-0.050375070645549754,0.2358625722177785,-0.03872342601017745,0.19856205717820982,-0.0316810764408482,0
-8.160277161996472,-2.457605732194951,0.9220548084093296,-0.35240717924100873,0.3213274782268508,0.06519654515255555,0.15434409818118847,0.07489445850836876,0.16466207406170558,-0.018152969376805526,0.18412685739041634,-0.08901909227530035,0
-0.6215291403827192,-2.4773183540417847,0.8592373321893075,-0.32658785437029486,0.299522740427675,0.14180975880956012,0.04871078739074315,0.16027453464141697,0.11912637956810353,-0.04275839838173344,0.2493384182928842,-0.1737471730084651,0
-1.0470584209124874,-2.6153570998779414,1.1757574159379374,-0.21290621357243786,0.15473390730751038,0.528352377124214,-0.2902705732063284,0.17693776911058007,0.08011273262214795,-0.15994542801262257,0.38166173477549564,-0.2591213828087198,0
-2.4837979773063528,-2.370368822602372,1.6718742009486929,-0.1875970033578411,0.2842482995955967,0.5096178176118579,-0.21612038521103483,0.3244435361391179,0.02216120199261925,-0.18255991979303207,0.4071610553656228,-0.39423971216413783,0
0.07198609504915762,-2.4075888900103535,0.9434713616927496,-0.10107363981574997,0.0434160112210057,0.5376648275271602,-0.2443703879030656,0.2844760252717149,0.009189690692190172,-0.15634307360497712,0.3570255689324569,-0.339146322166723,0
-4.692004495679361,-2.602308911889299,0.8640449868477055,-0.2568472482543057,0.1449899387415112,0.2486248611632724,-0.0381689660401732,0.1809502955081284,0.13690963415442386,-0.09041688308408276,0.3076260121644083,-0.19623912342636646,0
-5.37627334305999,-2.0121618535126498,0.42321702860210003,0.04496190422729141,-0.024921304248890407,0.40467866584138407,-0.15966628767014004,0.29175774050758113,0.06848832865869611,-0.03839941108266471,0.34234650053208887,-0.240842791051732,0
-3.770041102201118,-2.9150034617734484,1.0815972254108166,0.03178178455346574,0.1795918340266402,0.3669802899577164,0.021892581659383924,0.1826255495342138,0.20694719281133167,-0.15933192064087162,0.3982370253355994,-0.2843289740059632,0
-1.600209096691447,-2.8434780898931247,0.9403966655006327,-1.033442673927602,-0.2807178498300317,1.1715427153062148,-0.5337054524328275,-0.05096971783505166,0.5783112670019542,-0.12591097804019702,0.16129648009554223,-0.1024441617484186,0
-8.321363729811763,-2.9750671592111435,0.4077467850497333,-0.2891179961743027,0.5778084225177861,0.20056846270172965,0.023563053309576573,-0.016906008746736218,0.4662640760329607,-0.3704392677911127,-0.34444938586227575,0.3828443753782287,0
-4.343735653620234,-2.7673461357988227,0.07362099082192841,-0.864698259698961,0.2519875097477052,0.024030142879505986,-0.1294680929591682,-0.2879447458789783,0.5680610046053558,-0.16953036901351864,-0.2698199140865232,0.24105719004808263,0
0.17509748717254692,-2.467686324997209,0.1747097889659652,-1.2891312013314749,-0.007306451362603733,0.26000310481779415,-0.004581276659754282,-0.24074479551501582,0.4855198539019612,-0.39023661528135606,-0.19776922814173278,0.1803411244283518,0
-3.8359650715080362,-2.7375864621885317,1.3595826483732307,0.031212837162584446,0.4241393244139567,0.13625296120836292,0.16224837964279476,0.05750799319560202,0.21358199324331262,-0.09724887021970822,0.3119660988352156,-0.11906693118699742,0
-4.600098657857758,-1.974792335351706,0.8919904560561072,0.26310087360868417,0.10620988486247149,0.6038729003532617,-0.159027058176115,0.2368272354325716,0.09322199413909246,-0.2906313405235619,0.3749793865905815,-0.43152304785657886,0
-1.5540418469477673,-2.6498948000425195,1.3956539520255902,0.08008667343937766,0.4661487513212716,0.33020442810076256,0.15496674815366132,0.15699806301373187,0.21714596728209112,-0.14787414823085726,0.33764201866778026,-0.24154456066304292,0
-1.9548898843280889,-3.0089904007830266,0.8444668254172042,-0.14457068737913678,0.16111011386118496,0.7739143533686521,-0.394737443663885,-0.11878156310670528,0.3889965885701023,-0.17319400730397494,-0.07069332686724777,-0.02832670201176407,0
-2.134710655386452,-2.7864043513519943,1.1508226622567623,-0.47482852730665326,-0.20583965242813848,0.7999243182451161,-0.6569894597035265,-0.058730167185055165,0.34881301333652215,-0.45823930928007706,-0.031575972473806536,0.004041801390867969,0
-3.6991250569973495,-2.640035933871471,1.4875463222857326,-0.20746537127455994,-0.12676085352691743,0.2649276194345169,-0.33213646306994077,0.20272465811883497,0.12292527288993263,-0.20890535857501064,0.313375297683684,-0.3863246891293934,0
-3.5434264310434536,-2.2985587266336203,1.444924824303251,-0.6947826328821901,-0.44322705585808664,0.6437356103526821,-0.6178418077358013,0.22479214078338136,0.04866318978146807,-0.49744515251067883,0.2867070461677228,-0.44759368454386184,0
-2.1823257293934266,-3.4032443645681614,0.2987455656136457,-1.0217387612398068,-0.09779757045564222,0.7668271954642846,-0.6145165674793892,-0.41035704480022545,0.4210833001488077,-0.18819231454917043,0.002252648863295439,0.1114203421357342,0
-2.9248724943117845,-2.3304189541985707,1.4462305194827212,-1.1163290447721002,-0.5545711636514178,1.0791717081983683,-0.8915324856658982,-0.15901057819336,0.48441341966559165,-0.46761963960168984,0.03413604438887989,-0.09518593356023128,0
0.3031555042574506,-2.4772467335180135,1.2127124825094806,-1.4194074471375573,-0.5608390886680036,1.4503602478004916,-0.26652069502829195,-0.347981776752255,0.5381683629357249,-0.5945584047186392,-0.3361105715822647,0.180029052314357,0
-4.057098014646341,-1.875570166716158,0.8732245025840206,-1.0585486553630288,-0.2921435805592617,0.17811790008024492,-0.5918518842204101,-0.6513579930425342,0.31703360730385344,-0.37762662032619976,-0.043472696368904884,-0.1358340959430387,0
-6.937762873944097,-2.6353181326810216,0.8632032828653167,-0.9056713800205697,-0.23433335507492356,0.7202413502485454,-0.7136683066143766,-0.5514981144717742,0.33713613452892977,-0.3586795158910067,0.028828883245560634,0.3139736766020068,0
-2.8447025099285903,-3.3137624384365623,0.13562294547455764,-0.815482538832839,0.22253980025379316,0.6379684821690625,-0.1563466392258639,-0.6633188684409023,0.42830574698769036,0.11721531319277095,-0.14180051341344369,0.3463632101520016,0
-0.9748642091609921,-2.551700075149194,1.2135919017217205,-0.5772473631793046,-0.36751120415742483,0.6155295204093335,-0.5764034448474704,0.0719555861655173,0.3483478713639616,-0.4706859167378107,0.06830598313191051,-0.05933355814958561,0
0.45246700628340575,-2.7534803736946962,0.735272248762859,-0.7535677794500585,-0.3592810444743326,0.4582373899801589,-0.5299357393002939,-0.14845590347853138,0.42105640609896233,-0.36832708600633646,-0.11280978296024353,0.04133218335489409,0
1.1840845714001849,-4.1424393725536754,-0.5662034186156395,-0.9610015457600275,0.20806537952640466,0.20919681406220042,-0.09262606932352307,-0.47912966639989085,0.49224704393424357,-0.09374983851728531,-0.5309583706040663,0.46657587557326413,0
-3.3351991221853514,-2.697336038972849,1.3528046928018187,-0.45817592708097754,-0.3607900946075854,0.8060982630043216,-0.6043052498376105,0.04452997381158284,0.22283005430457592,-0.471359872551428,0.07472684543520113,-0.1938164695293084,0
-1.1338018557276395,-2.7453996419605105,0.8362451730671835,-0.8926295299891074,-0.4225473931163461,0.7702288072169293,-0.6493141885130407,0.001423216801352874,0.1746695752168913,-0.4089950814633014,0.18791018084737732,-0.2619385751101055,0
-0.23248283639115008,-2.3899350678145725,1.3456229830311237,-0.445300673554575,-0.3445113635349557,0.7654843150600942,-0.5380095376719238,0.0008731921221124707,0.2858675581708876,-0.35951727096895536,0.17674378850705919,-0.24809145955634135,0
1.0789763009846465,-2.5493773258325665,0.9424177743539742,-0.31891906052915786,0.24873584326906684,0.15732107399156836,0.11829642394918513,0.04046519824508875,0.17700388048279656,-0.09868904275618057,0.21754847857414927,-0.11104224427199799,0
0.4363675702830362,-2.37469909461746,1.272835375222254,-0.8961257713627924,-0.4594235541325496,0.7172825309521554,-0.9301826980651609,-0.0026349408379978435,0.42990958289491993,-0.40613877826448186,0.23938321504430823,-0.11704390711578203,0
-2.706859467169851,-2.9497334449961157,0.7923318929892088,-1.1796066658584012,-0.6857158626610328,0.8489393177619002,-0.6417037573600506,-0.3387015341742325,0.5822273635203338,-0.13744890671135057,-0.005491480235714503,0.14291406499683587,0
-5.941079486041502,-3.0641545114853934,0.8518799397468663,-0.6289738817456432,-0.2240464795975756,0.7064070921463169,-0.7022913496990975,-0.25871561976606045,0.4860255467775062,-0.29748140348283814,-0.15374035980472633,0.3199994939476909,0
1.8523502673638068,-3.4118881169866553,0.21380759403441507,-1.020082165535602,-0.21027984120362372,0.7727194037517657,-0.44582168140563067,-0.3041622260557008,0.43023724752612985,-0.2837797243301357,-0.08584712925903723,0.21730011027027024,0
-2.6496139043574134,-2.516077937144027,1.2009851803692198,-1.0054590695939463,-0.4293554021215691,0.8162278786287792,-0.7747200059712881,-0.1299849039290639,0.32913662922145903,-0.4221712905423538,0.12836454919396825,-0.13067770495818692,0
-1.1153612028953312,-2.589951275614753,1.1970807488570205,-1.112228561695935,-0.5690545460427509,0.9523759922528292,-0.7684693328789918,-0.1545011435996396,0.3875360361765083,-0.34548800526989415,0.07445779097577479,-0.17878946415132738,0
-3.8095285292375993,-2.695888906249296,1.0812379515765997,-1.1107733188248128,-0.3675873457464648,0.9197284495066383,-0.5793724475375257,-0.016164287081310534,0.5260033764409798,-0.30904864018866285,-0.007987570668696889,-0.11275260957844309,0
-7.726071332529039,-2.9362194228845317,0.9467518781813135,-0.026813816370909436,0.16322043709261824,0.7035944395387992,-0.39366603527388644,-0.0642533409512198,0.23001540315871602,-0.34982427440090474,-0.08550006698559635,-0.2580209717140326,0
-8.021824514139904,-3.359729092324094,0.5929344529487233,-0.35585244225421186,0.11040889316845266,0.8122396970842761,-0.4064426640920862,0.002268938426819338,0.2798785272258784,-0.2994163765109418,-0.035416509080272496,-0.11146034079766133,0
-5.315759471800928,-2.8115970254400473,1.6504786570566652,-0.21602352615740567,0.08965585132621066,0.5399972555324064,-0.3054263990705895,0.4290228976105129,0.16404795127555116,-0.1283223110972349,0.3999580017013767,-0.3007759875336009,0
-0.9083497240295628,-2.99250759733347,1.2605751640457348,0.009026973942175236,0.3444965320761776,0.361961912974625,0.06977059454821372,0.10966357353154464,0.1945611515646863,-0.10269400134489207,0.32942296448914277,-0.22323338422402184,0
-0.8374438667710348,-3.4223572043826835,0.4215710178721472,-1.1059071709192063,0.15254271569622777,1.028295574170686,-0.6650612243590073,-0.345863282800855,0.833896065063229,-0.30711987842523286,-0.3556756048551382,0.35019406585670354,0
0.3996616679365972,-3.5641253345724357,0.30302328581277244,-1.0076318696757125,0.39291247135042323,1.0328823537702538,-0.6571153642177721,-0.41625903982494816,0.770489750855179,-0.38727454909675213,-0.30707866233415565,0.5215781509746099,0
-2.0546918235888407,-2.9820035564996745,0.6489408759397394,-0.6233789167919955,0.021618194261960377,0.5810589550751514,-0.5631704965485176,-0.19657211475828962,0.5799481054769695,-0.1819441505987239,-0.0702601313759133,0.17872686922017125,0
-3.7043396961260386,-3.007890237641548,0.7296728514191161,-0.31463158065682856,0.14739833674628147,0.7597024331659811,-0.3450632442642004,0.07817262688975628,0.3043799049133355,-0.1952059532275875,0.10546075947459749,-0.056586858759118785,0
1.3056984536144423,-2.4133089299037165,1.0347316194851286,-0.40020192711443947,-0.43352578968489963,0.5359032587347822,-0.4780946538568798,0.24056427417343249,0.18430500219264745,-0.31033843688102924,0.33710738841931714,-0.325889596430976,0
-4.656201160864465,-2.7704486942168938,1.1208500288346874,-0.4292918721953374,-0.15806729321340052,0.7050201235414548,-0.7248374021235547,-0.05414401880205807,0.13284660878218238,-0.5543381513985085,-0.044641904558539794,-0.216310114145421,0
-2.453909242847292,-2.8729662213607803,0.9334861014431666,-1.0228219747706755,-0.38892474014603146,1.0163575605560233,-0.8984911081107342,-0.37056903756130605,0.44737717569216834,-0.5000435434034252,-0.18764117312962836,-0.20304377563049814,0
-1.6639050647131748,-2.641048402568578,1.022654417254755,-1.414636227234831,-1.1917155440254308,0.5315462278309951,-0.9334909180980823,0.10615216754047559,0.0681388212825534,-0.6682752524514208,0.32879650816677025,-0.44552213605464885,0
0.2748089369550254,-1.9230820435191218,0.4630524310489667,-0.22111614929139473,0.3514617509261899,-0.06075199685273392,0.26735719554648946,-0.023121861434373128,0.20007888189415315,-0.008670204647960594,0.15931962739523006,0.007596110593565783,0
0.755758202487208,-2.6265218757844186,0.8031120050996243,-0.6641008393213427,-0.4200381576123093,0.16421522146102752,-0.7167300025226832,-0.15053219865784798,0.36117057586531937,-0.4068775908455636,0.02438203458048002,0.016706047726269994,0
2.2495921745773844,-2.8764743135770345,-0.5665745878796508,-0.8997720163145536,0.3753181333778888,-0.7993334751664956,0.3936302380142622,-0.5476024076895886,0.10080666024451057,0.061273998396128654,-0.19597905168759594,0.28442312303740674,0
0.07878430273934382,-3.4743446895830497,0.3464959790617209,-1.3473103693358535,-0.3648255133495228,0.817258618221257,-0.6969208002612709,-0.21627543325769338,0.6544634775399042,-0.3395120716990768,-0.140978866874086,0.3138401773576426,0
-0.650316119370185,-2.9830001357137714,0.36313119918547365,-1.0155990521329121,-0.3466824155534794,0.5498007332927061,-0.5126449444890158,-0.4137729481126301,0.38281891107696414,-0.12595288372984093,0.05537520809700274,0.018924573635567835,0
-5.797694301411814,-3.4746359395143074,0.29544435640244093,-1.7817667795783763,-0.8118344531421371,0.7535226613012704,-0.9756921720283548,-0.3326699380780691,0.5704262526351311,-0.25979104097968075,0.05887251289072059,0.11997944661423729,0
0.2670422787313066,-4.089063183978042,-0.4278963219521039,-1.6820672075125978,-0.1469385559418909,1.0066855954917389,-0.3252976040085843,-0.4159285052980931,0.33753316087288143,-0.44264004278199104,-0.0017359019721977743,0.37511827574100953,0
-2.3429861594779644,-3.6566155260755453,-0.17820386699904148,-0.9668786926408782,0.17013266191602208,0.7450617060035162,-0.13299483935899373,-0.43228939537790706,0.3811353084546446,-0.23783938834682003,-0.2651601512959554,0.23849184528809098,0
-0.28321492393018544,-2.8828723980080393,0.21629730531625055,-1.0068223306940667,0.08848853005588533,0.378296280252443,-0.17186037630117154,-0.30367650986761185,0.4311956317023852,-0.2088705820454467,-0.15604104888814244,0.24829792118689842,0
-6.8033270947437074,-2.829651746159111,1.1480779052798946,-0.48256123687114655,-0.02336815481577808,0.8298358339714493,-0.5388308951316246,-0.20183513379706156,0.2574315315226901,-0.25207440445404755,0.10140657670393513,-0.043179766217484324,0
0.5960221430817059,-3.75115299954149,-0.11260647801075212,-1.3516359956569075,-0.14005845537914782,0.6472061833500222,-0.6060135738143189,-0.5433616845098098,0.43028922759401206,-0.26819202047322716,-0.1524519623216112,0.20286588244030715,0
0.6980314691944246,-2.641412308928837,1.0558195585345749,-0.556767403383254,-0.5129897739531075,0.6208533890528664,-0.39477043487333907,0.12363769766128552,0.16712992833213394,-0.1944342643226566,0.2662070667056855,-0.35617594990273754,0
-2.438388919003313,-2.928871240566748,0.5637939010460367,-1.1397930988052059,-0.6658956989895335,0.6271622566008124,-0.6315703508516093,-0.1213783248870937,0.23428488532633196,-0.3714080305010121,0.0898436825840807,-0.3666200740329855,0
-0.964176262220583,-4.069124528107612,-0.12506745641208794,-0.33619227793784684,0.3543748632500774,0.1496190522514765,-0.3472794416313587,-0.6923344982899926,0.23294553123287046,0.10900298330571917,-0.14825089014118933,0.432860917657234,0
0.8206244740526211,-3.674585789197233,-0.349725311070419,-0.8651551018610192,0.3825619215238219,0.4354756573542092,0.03760286789570897,-0.44494345000925295,0.275289234915773,-0.2619639757411759,-0.1928405903075783,0.47065909596982003,0
-7.854847683892045,-2.950784652383492,0.9609567027539556,-0.4553723217292451,0.23140389244652773,0.6560101721009424,-0.33863034644560774,-0.35073673562699176,0.42841078393537785,0.2231457350042857,0.22508148151726673,-0.23549633841512374,0
-1.6322773470767036,-2.7412146154802053,0.9222693268255636,-0.8937956710607925,-0.2923494505016087,0.892858591677294,-0.610376498736957,-0.14552202866921393,0.5599331217467889,-0.33983512069633837,-0.06401225783184364,-0.011772456578198882,0
-2.508687156792164,-2.8276719225769327,0.9986729854390155,-0.7944207198798718,-0.39289329475678714,0.934828296815702,-0.6439918117019029,-0.21100942249606353,0.4788418082816698,-0.26444975802758713,-0.008416517814898357,0.0035256332404051765,0
-4.801966710394143,-3.2362749805499833,0.4350608203023,-0.7437471575122626,-0.04373031063177671,0.6492858056660034,-0.49229468379711294,-0.3152378197482747,0.518309296008278,-0.21862808324659458,-0.23475930770157943,0.20266411885803678,0
1.281471683004952,-3.2557908747380626,0.12038242896093321,-1.0144020387829633,-0.1999987058866396,0.17315975834234265,-0.5966335831747285,-0.5119645824044728,0.4345935325625723,-0.22479795728744226,-0.2247650295184119,0.2880906026581885,0
-0.8138585831744037,-2.971332240823669,0.718465146568926,-0.8415152434385867,-0.13031537231668905,0.9022326939568416,-0.541825356821285,-0.33149933484019267,0.35787780502825417,-0.27054284774789544,-0.04404544054958683,0.07790363594925252,0
-3.0547361624316354,-2.9705694616492835,0.5407342354551176,-0.2329203085971552,-0.22002055240559068,0.5280846886184011,-0.447654826002373,0.023745997902912565,0.0787369789574771,-0.24166841747944234,0.1554031974339544,-0.15374861237154666,0
2.2735586499014167,-3.676841911688542,-0.01987240766966242,-1.1633173041921425,-0.23048944227161286,0.3975234730413488,-0.6113404560769264,-0.2571671938871475,0.6518272201625646,-0.20555969643476607,-0.16135834401427723,0.3713325901066271,0
-2.156490994773804,-3.045896849789689,0.7905273816700038,-0.2479866680840553,0.10596998600095894,0.5856441942867647,-0.4488767807824707,-0.11788228824427206,0.41311115241835705,-0.2675110457500693,-0.15602387189876954,0.11266979143078876,0
-2.1334278050737354,-2.6597748993648773,1.2801860145243087,-0.05417164297262866,0.04136820736267724,0.5591192800287788,-0.14966025192702784,0.2946248877465487,0.23903636967039552,-0.11346804725376404,0.5186845631623935,-0.26015308364648765,0
-3.5144810114515623,-3.2559808564606096,0.7540692187706594,-1.184344859996877,-0.8655860959383945,0.8497219044545382,-0.8509705611406079,-0.23678491680514643,0.42761223838403706,-0.40403589192007194,-0.1114309967865222,-0.024640281332786697,0
-0.21496167836765706,-3.2827899047999454,0.2748104850803658,-1.2905861302494224,-0.8818200120214256,0.6165620969766507,-0.2714042551987144,-0.30128755652764505,0.13166046239652698,-0.3021648560799118,0.17536989347335893,0.2826412875107066,0
-4.263624608258999,-2.8980883557542794,0.8330349711273042,-1.3360376857153533,-0.33792609734981693,1.172835495516996,-0.7480915108695415,-0.35434074882015554,0.5376075531407202,-0.446682649695986,-0.20929188804473708,0.014729526693765583,0
-1.35667552414947,-2.3516085045858874,0.6932639303836662,-0.20940324902499036,-0.05954072414203598,0.4601184575307064,-0.2170386337037994,0.21427541531033625,0.10911486385554924,-0.13012868351700205,0.24960692604942736,-0.25281509215762543,0
-0.8573418035276349,-3.515928636732526,0.11123656713418471,-1.1477722208970937,-0.4758332257142577,0.4017427349303142,-0.4737520014905341,-0.41294008090490864,0.347181209219351,-0.18030282192667804,-0.21684614791584245,0.2403905999238983,0
-0.69846542941281,-3.6555764043684715,-0.13343642288960325,-0.9539706819234711,-0.06739323623647019,0.36849945225221925,-0.18635381286484134,-0.37624359059902274,0.4315207568374785,-0.035828498680822676,-0.26834516995372604,0.3292008122722619,0
-7.816393392180742,-2.818294285927801,0.741988904272016,-0.2678457546748018,0.18085064406863796,0.6901612791192274,-0.21708521539703643,-0.07429272913470639,0.3003032790114196,-0.2773045923963114,-0.1194527812385685,-0.1912990875887373,0
-0.5387935890279608,-2.6609531858909032,0.685309604318671,-0.9415381437791126,-0.12080346056589342,0.955149665918497,-0.210548908827262,-0.1284652236861412,0.39129550014426756,-0.4748962687231119,-0.10750035584354914,-0.040576228953112484,0
2.4971879677757283,-3.641092121576835,0.014701473114202753,-1.1870791461994865,-0.2173484287078975,0.6621831755747992,-0.2040876495954698,-0.3481628058340495,0.4309697529793206,-0.2912344896955457,-0.3310158105733936,0.4168196013638986,0
1.9349727060527009,-3.7447853037282095,0.06027536662861108,-1.1719319574470097,-0.26727520451794406,0.6816262152475864,-0.4556227249427696,-0.23963667634158084,0.5132484271724745,-0.3606312067533509,-0.2768339965839232,0.39353463525626503,0
-2.4314156265283295,-2.5815887313424364,0.9744996719397965,-0.7339938517563288,-0.6450472483639418,0.4352836170191295,-0.46148014178111696,0.05001076992122566,0.444798201783201,-0.335801714003408,-0.0020545258866097094,-0.19723442477217595,0
-3.368692476496855,-2.691811817555258,1.1135612508730484,-0.9909491225644733,-0.6734155175717209,0.5209669416661122,-0.6202198821328935,-0.09244993281057605,0.4750734699654935,-0.31797398248536135,-0.07635851513740913,-0.15878904815746184,0
-4.545074976166911,-3.0494973386255357,0.6283932772767112,-0.6052024899366656,0.2120500151881874,0.7497533783922905,-0.5770299845061022,-0.3121706273631923,0.36774088567656577,-0.4392234465302118,-0.26216701837426615,-0.026776150971486293,0
-2.0796144850644374,-2.466805328739744,1.4205947539206358,-0.47686852698600213,-0.589059884032021,0.6908894368972347,-0.5733323274997041,0.14458977968020686,0.22112058817998467,-0.32866325677582003,0.3926942044733597,-0.3204628007030385,0
-1.0335518949338935,-2.6398318845089994,1.2657156741511986,-0.8466471534084294,-0.7126524082862417,0.8790595522905497,-0.6029953330130594,0.11571255825469147,0.4293907226039709,-0.2572323450944952,0.2530348603311331,-0.18136156872355094,0
-1.1801295089415402,-2.840495778693218,0.7322591484287758,-0.38560810842726473,-0.1868293303992694,0.4550321153145715,-0.4085692865011179,0.06188506796021065,0.31265529622750143,-0.22511468136456408,0.11933208146059515,-0.08890896127465144,0
-1.5792000446734946,-2.883549577621359,1.1734197078499564,-0.2786386335570097,-0.12457368823506791,0.3752724483790534,-0.16067251997155052,0.3072573017128266,0.29324182592541004,-0.16199813038430927,0.3762605498341165,-0.2724829831334625,0
-3.5040292894293295,-2.9349151908316697,1.0851753805175164,-0.19912268747374443,0.13437619320032604,0.4876031512419801,-0.23365254799600652,0.10558568165654379,0.3391778377556872,-0.2114179064744675,0.20512272765163309,-0.10650755109451152,0
-2.754390759283158,-2.371996817600857,0.5925487956968526,-0.31819626236357995,0.12822619365719382,0.17737731533947587,-0.10369595906280635,0.1573604545918812,0.026046245569426488,-0.13625040099315647,0.22222426399310716,-0.228790318604025,0
-2.7160633918569386,-2.771322401391817,0.8813320622289953,-0.6083296897504054,-0.17406616638434433,0.6830594542983337,-0.43912627638045376,0.16767602202899495,0.32255814768559077,-0.3024741716304093,0.19757352301963346,-0.0698813676314364,0
-0.5100367831954344,-2.3182319152386577,0.3812434641032786,-0.305498141727195,0.009397117974642228,0.0873003017335252,-0.08593294020192485,0.07328558373679113,0.0676154337469252,-0.12354605055086192,0.23479050756155362,-0.19295695364408577,0
-2.6043614159146156,-2.9743308913346396,0.773016552799696,-0.3586543502619986,0.045501873322473206,0.6274127730533609,-0.5255301812037988,0.040054119135844696,0.38549149297032725,-0.19727058513969764,0.07644668596142683,-0.010078073469449366,0
-0.35498948900667937,-3.0638535750941274,0.9741064412963524,-0.1835248216896806,0.29337057894686064,0.7896526476669814,-0.38019914000102467,0.07553685957254032,0.2906625431339115,-0.2316261272982781,0.12750242275071513,-0.08812948879121421,0
-1.058489629763399,-2.2914470842274595,0.547679721559959,-0.31190216213636607,0.1678198960145854,0.08112950735255135,-0.036632060344973065,0.12216470959798664,0.04281792994245244,-0.07079116520831778,0.24618610234854707,-0.23967327809442884,0
-3.086743696751121,-2.4547102077345366,1.250274165245452,-0.1329601013010362,0.1483878157439021,0.5678649360557154,0.16193768599589684,0.3058044168242786,0.28268801482393824,-0.23761752602989822,0.1880371401863616,-0.21060797887738777,0
-0.5621941109787498,-3.2341862994005606,0.016298260580179216,-1.1162445572857642,-0.24426906455423442,0.41647674354701913,0.23969349966048883,0.1881190095308169,0.7078823538429749,-0.08508877402039712,-0.0789811786497509,0.2697236746992043,0
-2.3396384990232533,-2.7529414131942485,1.0764313652660638,-0.5780881004554619,-0.48163836802767845,0.8741870330998455,-0.39637257875496845,0.056044143712405,0.2257046162673021,-0.3173678855390623,0.17589203988524624,-0.1505035237109379,0
0.08969842552124101,-3.1670011465688117,0.5098829375696305,-0.7398474201812255,-0.11853034769009801,0.87220025371507,-0.2398520126325761,-0.07984549075441708,0.5605154479224239,-0.10823072763722862,-0.06355831637166603,0.09809724364342187,0
-3.101052951702312,-3.001933263289176,0.9667898449423786,-0.5221387203245588,-0.06821144221929332,1.1461706456668173,-0.5200941699787358,-0.21570823055653682,0.3025542187384717,-0.3727785608997534,-0.08889349857142624,-0.07895209952044167,0
-1.7936061855358603,-2.742642416845215,1.031464559215579,-0.5023415934085886,-0.3154197516936214,0.9098252305454262,-0.5480707976534787,0.10794763185556103,0.2662663183971246,-0.6198979663532788,-0.023216439546907768,-0.2581853216795927,0
1.6370243801028954,-4.289623139029151,-0.27271792282344587,-0.3896067497933008,0.6827946266980873,0.017945720956991523,-0.30648222938857733,-0.3895058840067556,0.6175471714323427,-0.10020366299986226,-0.5320977411223291,0.5701690543520047,0
0.0998220268138485,-3.6177940995844513,0.21558775332714356,-0.8661210947796876,-0.30154895161381656,0.4907377838830914,-0.39785309741780794,-0.27079827202629947,0.3700200351092253,-0.29494449226468,-0.3141489231689477,0.3649559360236334,0
-0.1465031731353491,-3.1367318507444963,0.2891254784523005,-1.1297028851145345,-0.26831314181273963,1.1209809927975585,-0.00583285561702835,-0.5542303553371452,0.12160274696683657,-0.27966059221514816,0.16298546676731848,0.24743004029202523,0
-1.5788991026559325,-4.601598728607905,-0.557019508729866,-2.161353977868343,-0.7220681523748946,1.5109058470727432,0.14924650549171964,-0.4664092983583038,0.10726335428689358,-0.5195111607326319,0.13749347090942154,0.27325948545606027,0
-0.9236336986032669,-3.335612066631914,0.4512190868416775,-0.9026947680285123,0.02430393394711146,0.7581991952170302,-0.5721032451796528,-0.22756388656507767,0.5921122331564708,-0.4070803944889277,-0.30865234466803787,0.3372750576415832,0
-0.6870425894175964,-3.472258581543288,0.244233373720431,-0.929674375236423,-0.07517545789426293,0.5234325976295481,-0.5829576467742882,-0.48094157710259505,0.6375936827710135,-0.2637806161840863,-0.48316924514075016,0.4401677563600707,0
0.50496071258097,-3.642236184679645,-0.12200775296143104,-0.8514103434116849,-0.0013742357788623439,0.47888045788930955,-0.10866584377725419,-0.1668492196662386,0.4661596363602909,-0.3128344346232337,-0.3581622715787204,0.3427064419846166,0
0.1813739499225567,-3.52057235056571,-0.07329033003272518,-0.9600539932757107,-0.014542146002390658,0.5079685987569578,-0.06814112415683256,-0.17479045329457144,0.5126230604955039,-0.3477938554359804,-0.44975731509370975,0.3263196242066908,0
-0.2892365919633178,-4.208471057246913,-0.5659752505871789,-1.1803717721226266,-0.0885368433985328,0.5060214210481502,0.031766225299317885,0.03172094454526469,0.6148941586756981,-0.3258189066584634,-0.4381857048650055,0.26400845176204907,0
-5.924461037528316,-3.6448217495107014,0.17503244557507247,-0.914856269206401,-0.005441977156667756,0.9926404554244548,-0.43738825262804454,-0.3090497467738409,0.4493145842331788,-0.2828625126104419,-0.08631771010357535,0.31545840615626886,0
-6.719225003200477,-3.1541689358187726,0.48000989889574863,-0.49313475720741196,-0.13311541721109935,0.6151754384367717,-0.35410525734519227,-0.09821653649823402,0.26253709148423127,-0.26406693308501183,0.007768897040864712,0.07530187850038872,0
4.063061584435368,-3.126093586456014,0.47012303659824956,-0.9113098579321084,-0.4395654058873059,0.46010447916937797,-0.40916324804916376,-0.3107880244715599,0.43533178002924894,-0.1429811651131229,-0.16006627339351287,0.2069327505053633,0
2.0141561102621974,-3.2635033230226305,0.3911189610763734,-1.089766892565422,-0.2971758214986472,0.640460425394454,-0.7475296533123047,-0.47817353186125755,0.5267800583562781,-0.41947506282066427,-0.36775482331631015,0.27203423831935347,0
1.860660749657961,-3.3412058132946476,-0.1677941618044292,-1.5895545679535912,-0.29503720753007967,0.38657276584507205,-0.5454357794358222,-0.3519012742652187,0.6197831729979297,-0.2936673219325742,-0.19885108733934895,0.0631700163187821,0
2.686618030748703,-3.3347174960051036,-0.06480544208555919,-1.4301550035858683,-0.21537535509996988,0.4006120251636133,-0.5023282637395974,-0.4034687990331862,0.5656542834019966,-0.2844151621901116,-0.19980064274984952,0.25163572344863105,0
1.1019389876950596,-3.1109797154245937,0.5338941009574101,-1.008467387728779,-0.3084458649692964,0.7462529901966264,-0.7079662699343723,-0.22088093038443568,0.44171398954506663,-0.26983511526280424,0.015515449262470511,0.005994761136369519,0
1.8122204510158042,-3.132147790882095,0.38969227644176313,-0.5325436609433167,-0.13847559591361183,0.42681459857161475,-0.5380855155365808,-0.14949482961485258,0.2624533905940202,-0.1730668928804192,0.09866322098430312,-0.02623079400896653,0
-7.3874070508244785,-2.768782694702938,0.5124673392830469,-0.6107604338998999,0.06294622888619407,0.42667125469832085,-0.32181869799315477,-0.1489016079284844,0.5542612643783988,-0.13832220070940576,-0.01905693192249781,0.19312076679275203,0
-12.635614957167924,-3.1388880601900153,0.28283185677414874,-0.43460984577962886,0.07316766934289334,0.2600976133556468,-0.17159015696654675,-0.30320352039675125,0.3562082248612206,0.14806962960949255,-0.09596201898297335,0.0744501101245708,0
-6.175772320711486,-3.9228784401447045,-0.2757708627104388,-0.9874306306625462,-0.01078630997791246,0.5582644349680271,-0.09938812719956082,-0.20614597839415602,0.45906795191893646,-0.18135483014963394,-0.19159891389720055,0.443574910620639,0
1.1731477602867455,-4.084136247969971,-0.41191689255144465,-1.2618930615255033,-0.03765542194880143,0.5757571695689023,-0.32494514970739535,-0.42438759629802303,0.5861523427860879,-0.3120467230099883,-0.44536677966614213,0.49389260874054053,0
1.348183718410803,-3.243990507646222,0.28490647712094214,-0.639088675617645,-0.3867726956721446,0.6506577855587506,0.089938889123344,-0.19975186522784577,-0.1112231655456412,-0.29713202216959417,0.256675335587624,0.27211077395948474,0
1.5667937387588478,-3.527193822432542,0.4811234233224356,-1.1423289707511168,-1.186357929277465,-0.20736234146121632,-0.716551327102049,0.21053650785183914,0.9066348326257032,0.2034331145928092,0.333116439657508,0.09761904978061577,0
-1.4446334416880806,-3.1740392074734824,0.3390991036015886,-1.0189618212035005,-0.4122868792025992,0.7686847317204953,-0.07817878371321256,-0.2646672603766436,0.00043230425224863826,-0.29791840818090753,0.3565129712325912,0.12580234730439327,0
0.47522669038908755,-2.9350382381460127,0.3901122648547817,-1.487635655430204,-0.7727731229985287,0.6767303541076612,-0.17412734504673613,-0.16650013988041587,0.2519532536842863,-0.38273200836979204,0.1480840256706599,0.04263544651411196,0
0.001336509310636404,-3.988572019506976,-0.24525075372037936,-1.4932341525629802,-0.726747574972591,0.5126049421233828,-0.18698626253950965,0.02989050344178055,0.5062123320221509,-0.1690750029525898,0.21492083054601588,0.5488976665536571,0
-0.06603828647354198,-3.908573583250122,-0.26787419595370865,-1.7687384800262116,-0.7077641502561065,0.9039087773191725,-0.0268859475495037,-0.10313568147602178,0.5107020676026913,-0.2920195806623209,0.035492251065764875,0.3462478722254105,0
-0.11046222486367324,-3.0795224754951365,0.2712636564669237,-1.003095741813197,-0.4363418817524984,0.6920804316216952,0.016183895126844258,-0.014878480470473337,0.10155173579897199,-0.4133640647007362,0.20293827102850664,0.06446728422972149,0
0.8106552693303052,-3.762983005093952,0.051502766426993876,-1.1055878634576717,-0.3870720711149285,0.8396468685460612,-0.15722114740748416,-0.13434573119189186,0.3165480661658544,-0.30052500845888624,-0.03177091187586211,0.3360352151203235,0
-4.6337965927391185,-2.9478014241541906,0.6731720365401267,-0.5174956548111896,-0.06355855665775209,0.49013977987435914,-0.4500211174339381,-0.03078306081395847,0.3759367897645934,-0.12556358890531671,0.15355779331754052,0.028781100188322084,0
-7.651237537785184,-2.524419384690545,1.1034833386238239,-0.15123714252683,-0.13963794759751308,0.3909092205327527,-0.554992660020742,0.2306150322092677,-0.07487255104848826,-0.19737657562516805,0.3460279097676125,-0.37543093569291885,0
1.6655178968358404,-3.1635521284692945,0.4709837174770338,-1.1107378449345557,-0.37198261796673376,0.8095256121290073,-0.5704322408430866,-0.27251375810431655,0.4891134684755934,-0.44060746936559037,-0.2472730626283936,0.16920847163215666,0
-1.8237706860957257,-2.6861745945234574,0.8378030459695847,-0.6084020483638501,-0.23266601474794585,0.6204895337223166,-0.6060694751484861,-0.1089511712877657,0.10449941260807895,-0.3964043784465413,0.2875093625029471,0.010386170846475074,0
-7.2198892819684435,-2.5820857643595345,1.4354578726242875,-0.4329074614187665,0.06871259533553087,0.9571494735625311,-0.5475508794460552,0.023817003398129165,0.40346919570126966,-0.1834448967819112,0.26979808372,-0.03526002412802759,0
-2.7642743526712907,-2.4723448494023734,1.8974231415547327,0.4663980607484642,0.17614576360056822,0.6745396628969462,-0.2766795529283985,0.17009181201009516,0.04289714952155063,-0.4596108061259138,0.39665738014279006,-0.5824399083638616,0
-9.732801227695257,-2.9408484785829807,0.4623067067883924,-0.3045883483206236,0.06558869559783181,0.40161412443793126,-0.2346085246962723,-0.05838978309206034,0.2027801863582002,-0.13628706989424877,0.06010589586793016,-0.021631066580625663,0
-2.0411950626434394,-2.1196281985167276,1.802665840551697,0.31013471013316185,0.3259096918763065,0.8186544248043479,-0.2596902621031862,0.3217375035181656,0.05654601666912019,-0.402476563733172,0.43389701940776376,-0.6072576788322249,0
-0.03866004054697112,-3.3181114891619146,0.10698645346384816,-1.4392810322085225,-0.27415352863569975,0.8093841268529932,-0.24162877483918077,-0.31668527287397824,0.7289572685694866,-0.21198506756557503,-0.3152416857266616,0.31335781611382874,0
0.20125879140291913,-2.9817206738748245,0.9335570206407385,-0.7986878692559327,-0.630906828544973,0.48293637036348747,-0.670297352819606,-0.08683423442258739,0.5474134714902669,-0.050339914208420176,0.10622659600261164,-0.008753727065595704,0
-6.519628611800012,-1.9757744443583942,0.11987796744117267,-0.2704453260668793,0.06114494945460036,-0.046577196851983985,0.03681206814955039,-0.04967957630950764,0.049047811327295035,-0.05742838098596905,0.06282788737971663,-0.07136209520653622,0
-12.404385269618126,-3.7671262592990464,0.35980124655986967,-0.3454831432669895,-0.2800544477373606,0.6040794641609211,-0.4168597255402496,0.02350369022646761,0.14828091496710957,-0.20740689157236822,0.009773866066061765,-0.019110801573699064,0
0.18333096737421758,-2.7120759514639614,0.698336294598443,-0.6443493278398408,-0.38017394327543197,0.563010624343091,-0.5937867002988807,-0.007341906744695356,0.20502304652368641,-0.3457499453160705,0.16422799822022907,-0.27602565535433576,0
-1.2054660071137997,-2.303950960891189,1.3987613646635715,-0.670215882914227,-0.5018054510380212,0.5716665435393508,-0.6186244772317856,-0.06789035496213261,0.44725116271228743,-0.517071383192917,-0.1131995871156615,-0.041457271342006566,0
-1.4060103831508188,-2.2469682894775365,1.3928025939004032,-0.7762097981028176,-0.5067956894238337,0.7401386405466807,-0.6392746914404405,-0.06602993704253327,0.5419127110381848,-0.5479788986358967,-0.13936087233085048,-0.050704610865063234,0
-0.8218626713524786,-2.326916074574556,0.9476044517743522,-0.14267637098560398,-0.21443795652754083,0.431642718744976,-0.5234539474555794,0.203172617592786,-0.05530705510830183,-0.36209462404530907,0.23662387140326957,-0.5554989855133728,0
-1.6836718959640968,-3.906065792102907,-0.20153429250625016,-0.752050156015618,-0.045552334396140544,0.2167288119626354,-0.35307037977715694,-0.18061302279167415,0.4488472398220561,-0.192387247811058,-0.1747008676788556,0.31562675738295787,0
0.9608898957174777,-4.007773388759643,-0.2957588936183811,-0.9807914507396199,0.04330357065158565,0.4028264142342237,-0.3308362041746239,-0.36990290076764115,0.5484624433962968,-0.22403346740696883,-0.39590171702717747,0.4593861064017046,0
-0.9302374049629082,-2.4879638496728633,0.8739746676455035,-1.422701765214106,-0.8837892316776983,0.7161599876367718,-0.4570989807203029,0.03843487559720834,0.325702102725761,-0.37558095951847303,0.40061544920540365,-0.1581053332839158,0
-1.7750462733787666,-3.451029122794473,0.38427605599108416,-0.795475150622785,-0.391053235682399,0.36307647878309185,-0.43434091903369704,-0.19807479106475823,0.45257636661256617,-0.34867560363491457,-0.48690982741498307,0.2303898900315294,0
0.20010773335438473,-3.2306817487099964,0.5728685360296545,-0.34964331932850573,0.03203504947365836,0.5480038517247338,-0.4015641626461046,-0.1884387193620301,0.3478215042701488,-0.18830588163740491,-0.1305571616430702,0.11664722907974642,0
1.1115104802294586,-3.107262943014729,0.42070349392106016,-1.4299012460688907,-0.8039549389680729,0.9087666515623021,-0.47755134904640534,-0.22703073788858424,0.117939669152634,-0.160681253389911,0.5662203713199114,-0.17617818587991443,0
1.4716557708491382,-2.8042874213566784,0.758307438952883,-1.6027621541365193,-0.7552639950028516,0.9780610283378509,-0.5077347940374174,-0.2016190337743315,0.2585807214591254,-0.24827900555283103,0.4152516226923031,-0.13392412405441953,0
-16.714939289208655,-4.307198111259364,-0.43863908588711303,-0.5971223389764692,-0.17954471904960276,-0.21808917147821044,-0.0938143474837024,-0.1500403013119195,-0.09451746330807909,-0.13745718313808694,-0.10711068945907605,-0.0562427783015481,0
-0.802174174705107,-3.569153135968749,-0.03816936759121771,-0.33612011830768945,0.3919011086225969,-0.09586882900440868,0.011488013291587286,-0.3679918957554584,0.3946928110089127,-0.043856999666162,-0.5280628899905253,0.645897345101252,0
1.6496359234661093,-2.9881164868429555,0.21801116878002952,-0.7096160234466055,0.22855334801575336,0.3295595201900236,-0.2085807296480008,-0.41731499607158484,0.5408878943443031,-0.09569407554006917,-0.38745751944999773,0.33801823173835593,0
0.2980082612182138,-2.1697793807533583,0.35248327136522234,-0.2556982176531819,0.04899763433899736,0.19312028306642895,-0.1584660766884895,0.29078891961512354,-0.049109684837258236,0.0717189335447488,0.2372305163983049,-0.17158246695405235,0
-2.0038395093540555,-3.4974936673311103,0.18324859985582911,-0.784815794260464,0.007276928616987237,0.778425009071055,-0.41411215931778594,-0.014352985932926719,0.5128212375080045,-0.225432282523768,0.03044760376495919,0.045301917609615744,0
0.7218170339602417,-3.320148795850375,0.4809503247642715,-0.338976215538432,0.32986954241323857,0.856860033338886,-0.3597792522977837,-0.10171558340759176,0.455354753604044,-0.24720042845251108,-0.08152145737407901,0.10955614318623823,0
-2.2658132703794185,-2.635981166444836,0.7326565909735206,-0.8381489025925491,-0.20331768044349102,0.8362623461660894,-0.30080418788311236,-0.056940258250301475,0.42033519653814805,-0.2996671316682201,0.023179294183881913,-0.24620386152827933,0
-6.418800876996142,-2.852488597623907,0.9674526977868163,-0.1377706231867414,0.28002655628936285,0.23352108740753055,0.02082880104403347,0.0991104669546797,0.333588775803087,-0.16007267709042977,0.14329050760588696,-0.12540954359521891,0
-4.82437184243302,-2.496890804428777,1.0627012880314664,-0.3150662957351492,0.2429362405379468,0.30410296732659875,-0.13732688300895102,0.2847114109037229,0.09479561800658659,-0.09827440040442072,0.41063761376973146,-0.2722976386371989,0
0.2585799154494499,-2.4596140501593036,1.3085749136683733,-1.0507496064332635,-0.53986906775568,1.224372235325651,-0.611384706774092,-0.14199720815744873,0.3645152756330303,-0.42490162577469154,0.2123778660998393,-0.12076707204496433,0
-7.689623714395975,-3.0748789331638573,0.7664172654687053,-0.21646061041767464,0.2273403061438191,0.5482871010957586,-0.20191233927796856,-0.019794734114496768,0.35378876380164104,-0.1032436004156141,0.08781061619196193,-0.04781141566020542,0
-2.487498728532818,-3.4332223882147517,0.20306708465501158,-0.9869287697625708,-0.37391019493831457,0.5092207446574777,-0.447477683137885,-0.16873797090607134,0.4917137099730026,-0.19526607586208897,-0.1660160838435943,0.012395539097030827,0
-5.713567520470261,-2.514095371491709,1.441296576818791,-0.5661959534838427,-0.1082029946271749,0.998612105716099,-0.7953768763856593,0.010463524668797807,0.40396277725732516,-0.44383641981176997,0.06707487704004016,-0.02518184101024518,0
-3.612770000943366,-3.4743382842203867,0.2928312453906835,-1.3849135939396748,-0.09242385501762346,1.0515116230244448,-0.6487202685997266,-0.34233429164403045,0.8438452314605079,0.07967149309363371,0.14790378184064198,0.15525579540131254,0
-2.4274582006696748,-2.600965278005401,0.9288887177504753,-0.7618027504061324,-0.4008044684364287,0.6416526806571156,-0.6262774037648252,-0.0016669037973257729,0.33567115855199925,-0.3193435194171062,0.10959967312931929,-0.2840464708101782,0
-3.233267041531725,-2.6816009086867894,0.7568368785614253,-0.23828042702845662,-0.1428265019323662,0.2652904807118532,-0.32145393171873465,0.09424356708060072,0.12098775398404407,-0.21662768265270715,0.18381847022965175,-0.26173680550790446,0
-5.355694955472927,-2.9273886518079144,0.505785909239388,-0.3028467353516533,-0.19805690455827457,0.4367818881878432,-0.3512170813301881,0.13169445528087573,0.12323836503193478,-0.23099942754016198,0.10650889811264438,-0.19915293018413135,0
-1.7758869229493548,-1.5427332398465792,1.123203137515287,-1.405085698559809,-0.3796962947751905,0.5117074388332645,-0.3221199512722762,-0.42974764777144475,0.46200129073151064,-0.37154009839608837,0.1399653000428464,-0.14274714271648276,0
-3.164035483815127,-1.6105232509143732,1.0900484234962642,-1.2147620038886786,0.14403767940376133,1.0209661470619227,-0.31181377559671686,-0.7282349323642725,0.4442731182152683,-0.38487426722574675,0.07563321296957663,0.035719393694207645,0
1.5485786671750474,-3.379429616863373,0.0963373668120917,-1.0846040561869439,-0.35881357272987974,0.4924634047006889,-0.4714297625052215,-0.13628651907782488,0.34000427924950766,-0.2951217676624136,0.01444225315392788,0.01932096287361491,0
-5.631119178537059,-3.4203870121155266,0.04549445128724314,-0.6511985358752888,0.14031218567719725,0.5251982943356865,-0.26531708464503334,-0.3993230118847878,0.33942095639177744,-0.0526029125126455,-0.12090082235323461,0.13429031209035563,0
-0.40547279149010185,-2.9580842976460238,0.5379785041508786,-1.2974713980521246,-0.29379866904430996,0.8291168104033502,-0.8236404931441946,-0.535044067627957,0.6103431449957767,-0.45994746681050297,-0.2805156742532268,0.27857474874532523,0
-4.527043517337348,-3.34781315079061,0.16248385825772169,-0.7548584807681956,-0.169535323807871,0.471814964768788,-0.24192634351460998,-0.2543275716686654,0.46525287222473644,-0.022896994062775577,-0.20940155817858194,0.03738178835590497,0
-1.3273958782323731,-2.839237457010736,0.5938386400892443,-1.2256407781076835,-0.3925576055850322,0.5884394479503431,-0.640682999055499,-0.47109387522505014,0.6836277871305698,-0.24947563555680835,-0.31747324317365616,0.2511697627603938,0
1.9418283817300974,-3.3612095486798843,0.02727738599216132,-1.143441065267135,-0.18269006747168667,0.7426514686349857,-0.19954797325182935,-0.2693901696287088,0.21081202102305177,-0.34342609539359853,0.04339945327090498,0.1332516394149315,0
-1.3726414680743675,-3.3003151132404893,0.4172115891509589,-0.8821620146731505,-0.15919097774091664,0.6602897718698691,-0.678586949311656,-0.2645170322608655,0.44022902122836627,-0.3084835454925093,-0.10033889666366604,0.12413602666387653,0
-8.338802955665813,-2.8628728653076703,1.081048827295258,-0.5735906154747393,0.1991559238484765,1.0887476143226844,-0.7387342124532698,-0.09445799934099988,0.6409169576140584,-0.222854578977711,0.04419074151713852,0.07480336146230705,0
2.3920629692706545,-2.7416032766043426,0.7281488586088103,-0.7510826256721099,-0.2655601706910717,0.6448323212010786,-0.4281409613747892,-0.09596385485252718,0.4512830688932611,-0.33011550229839454,-0.04758439230892862,-0.014927080146197886,0
1.1088557636432668,-3.2198533682121777,0.31547004660717876,-0.8496177400126429,-0.3134681322964573,0.4664653429467209,-0.0708192211501382,0.051469629416448705,0.5855002545482223,0.022299776460314957,0.07716020675584942,0.3600701385294949,0
0.5739950152469467,-2.946272783100603,0.49860520304514566,-0.8243448690265736,-0.3402388232237901,0.7376144794849557,-0.30184953783155893,-0.1531235649562214,0.34930785930732045,-0.24367962868571405,0.05034745987340851,-0.08030973607256567,0
0.5727329778892548,-3.016648457860536,0.6637752799371408,-1.258625976102347,-0.40016773011462514,1.0307576844135775,-0.6645014438218172,-0.3254302296101665,0.6626039932357064,-0.3180767451322518,-0.16971659776848003,0.16997246707943187,0
-5.959561811153425,-2.614189919131714,0.5553538841437294,-0.3162794823792749,-0.07334921479406531,0.41746999837268745,-0.2652827174106626,0.1583024953394203,0.09003496647121857,-0.059572097027302734,0.3031765469504327,-0.12934834858450542,0
-0.1389709535816681,-2.2685941087395927,0.500550971578261,-0.38314386019861557,0.21224742089168347,-0.0081061808606569,0.002611616704810504,0.08876983772415002,0.02277114364962723,-0.022440882105880515,0.18402265272557655,-0.17085321006827464,0
-6.988209197497876,-2.9128731453175107,0.5073564115056564,-0.5250862145575073,0.19417379997641157,0.4500650649971656,-0.00424132924437233,-0.03200058299162668,0.42417273869482763,-0.22232343054656076,-0.12287374791390511,0.18362017627694552,0
-5.743185572866907,-2.24630924938807,1.5976726787887945,0.029156459735410853,0.5588587192134807,0.11178819316977744,0.06843000566167214,-0.08327265358970008,0.1679964875740142,-0.16016285359502969,0.08954180437545996,-0.32219917424137057,0
-5.794706488964396,-2.3061253000592323,0.5004942096052332,-0.7599348169185225,0.1877464768569549,0.23195869041682782,-0.4050136011849353,-0.6564887591279974,0.16616173692179892,-0.41986203079720136,-0.1788886644842737,0.030788302911754488,0
0.0712242782394179,-2.7545525984206662,0.6973217739790455,-0.6551567808748446,0.334748974488839,0.8168899846037609,-0.49792090519928905,-0.2974850203567477,0.6054750709956531,0.03353679984171705,0.17333016657235253,-0.10921351104087774,0
0.6627862502749785,-2.833571200217214,0.5794097995147007,-0.3082174908860133,0.41843061197250886,0.4047004205508052,-0.3249445460555841,-0.05371701805857569,0.605326040107134,-0.025440001429062182,0.09385681531314237,0.019199343407325722,0
0.12768120000478508,-2.9979042518333943,0.636401233698329,-0.6541809935113073,-0.2751010254239638,0.6210574496988805,-0.2755165041993722,-0.12966475115422588,0.41739789973179625,-0.05503437595858576,0.02912353608963867,0.08859670114735374,0
-2.493784751558567,-1.5567488509318474,-1.2990692497299283,-0.07240598656028938,-0.6945947465175202,-0.054390494628171485,-0.16241470986443884,-0.22609606883099478,-0.33310932401792354,-0.08564918708802814,0.33193845482732326,0.14389792177074956,0
-2.1345996493757275,-2.472308845426104,-1.3022036373241794,-0.6464832450417163,-0.6857077232014009,-0.14212875402976494,-0.4435321904530769,-0.039535309409219156,-0.3045004623796829,0.07499004050415362,0.13089320085525516,0.04994218894687871,0
2.5688572445718214,-1.8391460154463126,-1.7859203881439354,-0.7256650071269751,-0.8710531041099413,0.20549655828765037,0.07906045069411713,0.07059170125626989,-0.10131668141362903,0.2074052249078372,0.38556484297116483,0.3173486993716975,0
2.8473397499108004,-1.365820698268063,-2.427889197983019,-0.32908169387786673,-0.3210744483826902,0.2572533255880196,0.28895770227582096,-0.047323223413329445,-0.41763352799588827,-0.0921139549528904,0.292960863694123,0.2517538679759925,0
-1.4857768539982685,-2.386991536668424,-2.0533120612055593,-0.709008194887839,-0.5799717049207823,-0.05220452891411489,-0.7665866272446599,0.3208540971418999,-0.4090084982833917,0.2724103970632745,-0.10666694539610512,0.08500393314291564,0
-5.761662048434182,-2.6142309400477903,-1.3318742465723774,-0.05375681671063282,-0.2724980202304695,-0.13500823886143545,-0.5013243537800172,-0.46307719839967393,-0.3263126199255873,-0.3258208122897554,0.24668414621950932,0.1452992462342484,0
-0.7406349761803811,-2.348489472707749,-0.5731445438428227,-0.7613616599555663,-0.6426386118225237,-0.1969837151824603,-0.8052554311469469,-0.6786655313747498,-0.43098589182123587,-0.27624621120071347,-0.07615862842599296,-0.32694308407599765,0
-10.478295322306712,-3.069704967059084,0.30313444387837324,-0.6984044026888555,0.07735398768734196,-0.3679946845007147,-0.06416083026531226,-0.43300174118771456,0.09473109277038702,0.12406262862879472,0.23656330218600305,0.012303976056630118,0
